{
    "utterances": [
        {
            "text": "il fait nuit",
            "entities": [
                {
                    "entity": "moment:moment",
                    "start": 8,
                    "end": 12,
                    "body": "nuit",
                    "entities": []
                }
            ],
            "traits": [],
            "intent": "change_color"
        },
        {
            "text": "il pleut",
            "entities": [
                {
                    "entity": "meteo:meteo",
                    "start": 3,
                    "end": 8,
                    "body": "pleut",
                    "entities": []
                }
            ],
            "traits": [],
            "intent": "change_color"
        },
        {
            "text": "je veux du soleil",
            "entities": [
                {
                    "entity": "meteo:meteo",
                    "start": 11,
                    "end": 17,
                    "body": "soleil",
                    "entities": []
                }
            ],
            "traits": [],
            "intent": "change_color"
        },
        {
            "text": "je veux mettre la nuit",
            "entities": [
                {
                    "entity": "moment:moment",
                    "start": 18,
                    "end": 22,
                    "body": "nuit",
                    "entities": []
                }
            ],
            "traits": [],
            "intent": "change_color"
        },
        {
            "text": "met du soleil",
            "entities": [
                {
                    "entity": "meteo:meteo",
                    "start": 7,
                    "end": 13,
                    "body": "soleil",
                    "entities": []
                }
            ],
            "traits": [],
            "intent": "change_color"
        },
        {
            "text": "met la nuit",
            "entities": [
                {
                    "entity": "moment:moment",
                    "start": 7,
                    "end": 11,
                    "body": "nuit",
                    "entities": []
                }
            ],
            "traits": [],
            "intent": "change_color"
        },
        {
            "text": "met le jour",
            "entities": [
                {
                    "entity": "moment:moment",
                    "start": 7,
                    "end": 12,
                    "body": "jour",
                    "entities": []
                }
            ],
            "traits": [],
            "intent": "change_color"
        },
        {
            "text": "pluie",
            "entities": [
                {
                    "entity": "meteo:meteo",
                    "start": 0,
                    "end": 5,
                    "body": "pluie",
                    "entities": []
                }
            ],
            "traits": [],
            "intent": "change_color"
        },
        {
            "text": "soleil",
            "entities": [
                {
                    "entity": "meteo:meteo",
                    "start": 0,
                    "end": 6,
                    "body": "soleil",
                    "entities": []
                }
            ],
            "traits": [],
            "intent": "change_color"
        }
    ]
}
