{
    "name": "meteo",
    "roles": [
        "meteo"
    ],
    "lookups": [
        "free-text",
        "keywords"
    ],
    "keywords": [
        {
            "keyword": "pleut",
            "synonyms": [
                "pleut"
            ]
        },
        {
            "keyword": "pluie",
            "synonyms": [
                "pleut",
                "pluie"
            ]
        },
        {
            "keyword": "soleil",
            "synonyms": [
                "soleil"
            ]
        }
    ]
}
