{
    "name": "meteo",
    "roles": [
        "color"
    ],
    "lookups": [
        "free-text",
        "keywords"
    ],
    "keywords": [
        {
            "keyword": "jour",
            "synonyms": [
                "jour"
            ]
        },
        {
            "keyword": "nuit",
            "synonyms": [
                "nuit"
            ]
        },
        {
            "keyword": "pluie",
            "synonyms": [
                "pleut",
                "pluie"
            ]
        },
        {
            "keyword": "soleil",
            "synonyms": [
                "soleil"
            ]
        }
    ]
}
